Workbook

Sheet raw_join_example
A1: Step 1: one airing of "Fakty. Den" (tv_show_id 240081) from export_arh_21-30-final.csv
A2: channel_id | B2: start_time | C2: duration_s | D2: end (formula)
A3: 5 | B3: 43969.781 | C3: 2400 | D3: =B3+C3/86400 -> 43969.809
A5: Step 2: this user's views on the same channel (vsetv_id) from dataset11-30.csv that overlap it (view length capped at 4 h)
A6: user_id | B6: vsetv_id | C6: start_time | D6: stop_time | E6: overlap_s (formula)
A7: 4949222956972288366 | B7: 5 | C7: 43969.78 | D7: 43969.802 | E7: =MAX(0,(MIN(D7,$D$3)-MAX(C7,$B$3))*86400) -> 1830
A9: overlap total, s | B9: =ROUND(SUM(E7:E7),0) -> 1830 | C9: pct = overlap / duration | D9: =MIN(B9/C3,1) -> 0.7625 | E9: expected in val_airings sheet: | F9: 1830
A10: Find these rows yourself in the raw CSV files (Ctrl+F by user_id / start time) to confirm them.

Sheet val_airings
A1: tv_show_id | B1: title | C1: channel | D1: air_start | E1: duration_s | F1: overlap_s | G1: pct | H1: pct>=0.8
A2: 90080332 | B2: Х/ф 'Вне правил'. | C2: 1516 | D2: 2020-05-18 04:15:00 | E2: 7500 | F2: 586 | G2: =MIN(F2/E2,1) -> 0.078133333 | H2: =IF(G2>=0.8,1,0) -> 0
A3: 90080568 | B3: Х/ф 'Если б я была мужчиной'. | C3: 1020 | D3: 2020-05-18 04:25:00 | E3: 5700 | F3: 215 | G3: =MIN(F3/E3,1) -> 0.037719298 | H3: =IF(G3>=0.8,1,0) -> 0
A4: 200506 | B4: Звездный путь. | C4: 108 | D4: 2020-05-18 09:30:00 | E4: 3600 | F4: 683 | G4: =MIN(F4/E4,1) -> 0.18972222 | H4: =IF(G4>=0.8,1,0) -> 0
A5: 90065611 | B5: Х/ф 'Призрачный гонщик'. | C5: 5 | D5: 2020-05-18 16:50:00 | E5: 6900 | F5: 92 | G5: =MIN(F5/E5,1) -> 0.013333333 | H5: =IF(G5>=0.8,1,0) -> 0
A6: 2400467 | B6: 'Викна-Новости'. | C6: 6 | D6: 2020-05-18 17:30:00 | E6: 2700 | F6: 1174 | G6: =MIN(F6/E6,1) -> 0.43481481 | H6: =IF(G6>=0.8,1,0) -> 0
A7: 240081 | B7: Факты. День. | C7: 5 | D7: 2020-05-18 18:45:00 | E7: 2400 | F7: 1830 | G7: =MIN(F7/E7,1) -> 0.7625 | H7: =IF(G7>=0.8,1,0) -> 0
A8: 2400508 | B8: Сегодня. Итоги с Олегом Панютой. | C8: 108 | D8: 2020-05-18 19:00:00 | E8: 4200 | F8: 67 | G8: =MIN(F8/E8,1) -> 0.015952381 | H8: =IF(G8>=0.8,1,0) -> 0
A9: 1100411 | B9: 'Вещдок'. | C9: 4 | D9: 2020-05-18 21:00:00 | E9: 3900 | F9: 576 | G9: =MIN(F9/E9,1) -> 0.14769231 | H9: =IF(G9>=0.8,1,0) -> 0
A10: 90062183 | B10: Х/ф 'Кактус'. | C10: 1020 | D10: 2020-05-18 21:00:00 | E10: 5400 | F10: 3798 | G10: =MIN(F10/E10,1) -> 0.70333333 | H10: =IF(G10>=0.8,1,0) -> 0
A11: 5200303 | B11: 'Следствие вели...' с Леонидом Каневским. | C11: 4 | D11: 2020-05-18 22:05:00 | E11: 6300 | F11: 112 | G11: =MIN(F11/E11,1) -> 0.017777778 | H11: =IF(G11>=0.8,1,0) -> 0
A12: 90075111 | B12: Х/ф 'Облачный атлас'. | C12: 403 | D12: 2020-05-19 03:10:00 | E12: 10200 | F12: 835 | G12: =MIN(F12/E12,1) -> 0.081862745 | H12: =IF(G12>=0.8,1,0) -> 0
A13: 12002142 | B13: М/с 'Охотники за привидениями', 40 с. | C13: 403 | D13: 2020-05-19 06:00:00 | E13: 1500 | F13: 71 | G13: =MIN(F13/E13,1) -> 0.047333333 | H13: =IF(G13>=0.8,1,0) -> 0
... A210: 90079286 | B210: Х/ф 'Выживший'. | C210: 3 | D210: 2020-07-26 20:15:00 | E210: 10800 | F210: 79 | G210: =MIN(F210/E210,1) -> 0.0073148148 | H210: =IF(G210>=0.8,1,0) -> 0

Sheet AP@5
A1: rank | B1: h1 tv_show_id | C1: title | D1: airings watched >=80% (val) | E1: in top-5 GT? | F1: hit | G1: cum hits | H1: precision@k if hit | J1: GT rank | K1: GT tv_show_id (top-5 by count) | L1: count
A2: 1 | B2: 240081 | C2: Факты. День. | D2: =SUMIFS(val_airings!H2:H210,val_airings!A2:A210,B2) -> 7 | E2: =IF(COUNTIF($K$2:$K$6,B2)>0,"yes","no") -> yes | F2: =IF(E2="yes",1,0) -> 1 | G2: =SUM($F$2:F2) -> 1 | H2: =IF(F2=1,G2/A2,0) -> 1 | J2: 1 | K2: 240081 | L2: =SUMIFS(val_airings!H2:H210,val_airings!A2:A210,K2) -> 7
A3: 2 | B3: 1100411 | C3: 'Вещдок'. | D3: =SUMIFS(val_airings!H2:H210,val_airings!A2:A210,B3) -> 1 | E3: =IF(COUNTIF($K$2:$K$6,B3)>0,"yes","no") -> no | F3: =IF(E3="yes",1,0) -> 0 | G3: =SUM($F$2:F3) -> 1 | H3: =IF(F3=1,G3/A3,0) -> 0 | J3: 2 | K3: 5200303 | L3: =SUMIFS(val_airings!H2:H210,val_airings!A2:A210,K3) -> 4
A4: 3 | B4: 2400467 | C4: 'Викна-Новости'. | D4: =SUMIFS(val_airings!H2:H210,val_airings!A2:A210,B4) -> 3 | E4: =IF(COUNTIF($K$2:$K$6,B4)>0,"yes","no") -> yes | F4: =IF(E4="yes",1,0) -> 1 | G4: =SUM($F$2:F4) -> 2 | H4: =IF(F4=1,G4/A4,0) -> 0.66666667 | J4: 3 | K4: 2400467 | L4: =SUMIFS(val_airings!H2:H210,val_airings!A2:A210,K4) -> 3
A5: 4 | B5: 2400480 | C5: ТСН. Спецпроект. | D5: =SUMIFS(val_airings!H2:H210,val_airings!A2:A210,B5) -> 2 | E5: =IF(COUNTIF($K$2:$K$6,B5)>0,"yes","no") -> yes | F5: =IF(E5="yes",1,0) -> 1 | G5: =SUM($F$2:F5) -> 3 | H5: =IF(F5=1,G5/A5,0) -> 0.75 | J5: 4 | K5: 2400480 | L5: =SUMIFS(val_airings!H2:H210,val_airings!A2:A210,K5) -> 2
A6: 5 | B6: 2400508 | C6: Сегодня. Итоги с Олегом Панютой. | D6: =SUMIFS(val_airings!H2:H210,val_airings!A2:A210,B6) -> 1 | E6: =IF(COUNTIF($K$2:$K$6,B6)>0,"yes","no") -> no | F6: =IF(E6="yes",1,0) -> 0 | G6: =SUM($F$2:F6) -> 3 | H6: =IF(F6=1,G6/A6,0) -> 0 | J6: 5 | K6: 20088 | L6: =SUMIFS(val_airings!H2:H210,val_airings!A2:A210,K6) -> 1
A8: AP@5 = sum(precision at hits) / min(5, |GT|) | H8: =SUM(H2:H6)/MIN(5,COUNT(K2:K6)) -> 0.48333333
A10: Expected: hits at ranks 1, 3, 4 -> (1/1 + 2/3 + 3/4) / 5 = 0.4833
A11: Tie rule: several programs have count 1 (20088, 1100411, 2400508, ...); the truth keeps the smallest tv_show_id, so 20088 is 5th and Veshdok / Segodnya are not in the truth.

Sheet h1_score
A1: tv_show_id | B1: title | C1: view_start | D1: overlap_s | E1: duration_s | F1: pct | G1: age_weeks to 2020-05-18 | H1: pct*0.5^(age/4) | J1: tv_show_id | K1: p = SUMIF | L1: slot (from script) | M1: score = p*(slot+1e-4)^0.5 | N1: rank
A2: 240081 | B2: Факты. День. | C2: 43901.279 | D2: 7 | E2: 300 | F2: =MIN(D2/E2,1) -> 0.023333333 | G2: =(DATE(2020,5,18)-C2)/7 -> 9.6744742 | H2: =F2*0.5^(G2/4) -> 0.0043641539 | J2: 240081 | K2: =SUMIF($A$2:$A$242,J2,$H$2:$H$242) -> 17.471302 | L2: 0.41768873 | M2: =K2*(L2+0.0001)^0.5 -> 11.292852 | N2: =RANK(M2,$M$2:$M$7) -> 1
A3: 240081 | B3: Факты. День. | C3: 43901.784 | D3: 1487 | E3: 2100 | F3: =MIN(D3/E3,1) -> 0.70809524 | G3: =(DATE(2020,5,18)-C3)/7 -> 9.602247 | H3: =F3*0.5^(G3/4) -> 0.13410673 | J3: 1100411 | K3: =SUMIF($A$2:$A$242,J3,$H$2:$H$242) -> 8.9978484 | L3: 0.25921593 | M3: =K3*(L3+0.0001)^0.5 -> 4.5819808 | N3: =RANK(M3,$M$2:$M$7) -> 2
A4: 240081 | B4: Факты. День. | C4: 43902.366 | D4: 1650 | E4: 1800 | F4: =MIN(D4/E4,1) -> 0.91666667 | G4: =(DATE(2020,5,18)-C4)/7 -> 9.5190972 | H4: =F4*0.5^(G4/4) -> 0.17612783 | J4: 2400467 | K4: =SUMIF($A$2:$A$242,J4,$H$2:$H$242) -> 9.034259 | L4: 0.16587277 | M4: =K4*(L4+0.0001)^0.5 -> 3.680535 | N4: =RANK(M4,$M$2:$M$7) -> 3
A5: 240081 | B5: Факты. День. | C5: 43902.787 | D5: 1326 | E5: 2400 | F5: =MIN(D5/E5,1) -> 0.5525 | G5: =(DATE(2020,5,18)-C5)/7 -> 9.4589286 | H5: =F5*0.5^(G5/4) -> 0.10726968 | J5: 2400480 | K5: =SUMIF($A$2:$A$242,J5,$H$2:$H$242) -> 6.9779752 | L5: 0.21950615 | M5: =K5*(L5+0.0001)^0.5 -> 3.2700295 | N5: =RANK(M5,$M$2:$M$7) -> 4
A6: 240081 | B6: Факты. День. | C6: 43904.205 | D6: 385 | E6: 1800 | F6: =MIN(D6/E6,1) -> 0.21388889 | G6: =(DATE(2020,5,18)-C6)/7 -> 9.256422 | H6: =F6*0.5^(G6/4) -> 0.043010358 | J6: 2400508 | K6: =SUMIF($A$2:$A$242,J6,$H$2:$H$242) -> 4.0071891 | L6: 0.22410504 | M6: =K6*(L6+0.0001)^0.5 -> 1.8974158 | N6: =RANK(M6,$M$2:$M$7) -> 5
A7: 240081 | B7: Факты. День. | C7: 43906.544 | D7: 412 | E7: 2100 | F7: =MIN(D7/E7,1) -> 0.19619048 | G7: =(DATE(2020,5,18)-C7)/7 -> 8.9223165 | H7: =F7*0.5^(G7/4) -> 0.041802928 | J7: 5200303 | K7: =SUMIF($A$2:$A$242,J7,$H$2:$H$242) -> 2.6320909 | L7: 0.081058019 | M7: =K7*(L7+0.0001)^0.5 -> 0.74983653 | N7: =RANK(M7,$M$2:$M$7) -> 6
A8: 240081 | B8: Факты. День. | C8: 43906.8 | D8: 342 | E8: 2100 | F8: =MIN(D8/E8,1) -> 0.16285714 | G8: =(DATE(2020,5,18)-C8)/7 -> 8.8857275 | H8: =F8*0.5^(G8/4) -> 0.034921202
A9: 240081 | B9: Факты. День. | C9: 43906.863 | D9: 240 | E9: 1200 | F9: =MIN(D9/E9,1) -> 0.2 | G9: =(DATE(2020,5,18)-C9)/7 -> 8.8766733 | H9: =F9*0.5^(G9/4) -> 0.042953026 | J9: Expected order of h1 top-5: 240081, 1100411, 2400467, 2400480, 2400508; 5200303 (Sledstvie veli, in the truth) ranks lower.
A10: 240081 | B10: Факты. День. | C10: 43907.341 | D10: 1800 | E10: 1800 | F10: =MIN(D10/E10,1) -> 1 | G10: =(DATE(2020,5,18)-C10)/7 -> 8.8083896 | H10: =F10*0.5^(G10/4) -> 0.21732147 | J10: slot is the share of this user's train viewing time on the channel at the hours the program airs in weeks 21-30 (computed by the script, not recomputed here).
A11: 240081 | B11: Факты. День. | C11: 43907.533 | D11: 808 | E11: 2100 | F11: =MIN(D11/E11,1) -> 0.3847619 | G11: =(DATE(2020,5,18)-C11)/7 -> 8.7810334 | H11: =F11*0.5^(G11/4) -> 0.084014347
A12: 240081 | B12: Факты. День. | C12: 43907.785 | D12: 616 | E12: 2100 | F12: =MIN(D12/E12,1) -> 0.29333333 | G12: =(DATE(2020,5,18)-C12)/7 -> 8.7449901 | H12: =F12*0.5^(G12/4) -> 0.064451842
A13: 240081 | B13: Факты. День. | C13: 43908.55 | D13: 767 | E13: 2400 | F13: =MIN(D13/E13,1) -> 0.31958333 | G13: =(DATE(2020,5,18)-C13)/7 -> 8.6356928 | H13: =F13*0.5^(G13/4) -> 0.071562167
A14: 240081 | B14: Факты. День. | C14: 43908.783 | D14: 202 | E14: 2400 | F14: =MIN(D14/E14,1) -> 0.084166667 | G14: =(DATE(2020,5,18)-C14)/7 -> 8.6023661 | H14: =F14*0.5^(G14/4) -> 0.018956038
A15: 240081 | B15: Факты. День. | C15: 43908.887 | D15: 314 | E15: 1200 | F15: =MIN(D15/E15,1) -> 0.26166667 | G15: =(DATE(2020,5,18)-C15)/7 -> 8.5876257 | H15: =F15*0.5^(G15/4) -> 0.059083358
A16: 240081 | B16: Факты. День. | C16: 43909.866 | D16: 1200 | E16: 1200 | F16: =MIN(D16/E16,1) -> 1 | G16: =(DATE(2020,5,18)-C16)/7 -> 8.4476538 | H16: =F16*0.5^(G16/4) -> 0.23133999
A17: 240081 | B17: Факты. День. | C17: 43911.795 | D17: 309 | E17: 1500 | F17: =MIN(D17/E17,1) -> 0.206 | G17: =(DATE(2020,5,18)-C17)/7 -> 8.1721379 | H17: =F17*0.5^(G17/4) -> 0.049986481
A18: 240081 | B18: Факты. День. | C18: 43913.375 | D18: 576 | E18: 1500 | F18: =MIN(D18/E18,1) -> 0.384 | G18: =(DATE(2020,5,18)-C18)/7 -> 7.9463889 | H18: =F18*0.5^(G18/4) -> 0.096896005
A19: 240081 | B19: Факты. День. | C19: 43913.67 | D19: 790 | E19: 2100 | F19: =MIN(D19/E19,1) -> 0.37619048 | G19: =(DATE(2020,5,18)-C19)/7 -> 7.9043502 | H19: =F19*0.5^(G19/4) -> 0.095619434
A20: 240081 | B20: Факты. День. | C20: 43913.846 | D20: 875 | E20: 1200 | F20: =MIN(D20/E20,1) -> 0.72916667 | G20: =(DATE(2020,5,18)-C20)/7 -> 7.8791121 | H20: =F20*0.5^(G20/4) -> 0.18615064
A21: 240081 | B21: Факты. День. | C21: 43915.783 | D21: 1864 | E21: 2400 | F21: =MIN(D21/E21,1) -> 0.77666667 | G21: =(DATE(2020,5,18)-C21)/7 -> 7.6024008 | H21: =F21*0.5^(G21/4) -> 0.20801612
A22: 240081 | B22: Факты. День. | C22: 43915.827 | D22: 1200 | E22: 1200 | F22: =MIN(D22/E22,1) -> 1 | G22: =(DATE(2020,5,18)-C22)/7 -> 7.5961458 | H22: =F22*0.5^(G22/4) -> 0.26812238
... A242: 5200303 | B242: 'Следствие вели...' с Леонидом Каневским. | C242: 43964.258 | D242: 1279 | E242: 5400 | F242: =MIN(D242/E242,1) -> 0.23685185 | G242: =(DATE(2020,5,18)-C242)/7 -> 0.67741898 | H242: =F242*0.5^(G242/4) -> 0.21061821
